{"cameraMode":{"drawMode":0,"name":"Shaded","section":"Shading Mode"},"sceneLighting":true,"audioPlay":false,"sceneViewState":{"m_AlwaysRefresh":false,"showFog":true,"showSkybox":true,"showFlares":true,"showImageEffects":true,"showParticleSystems":true,"showVisualEffectGraphs":true,"m_FxEnabled":true},"in2DMode":false,"pivot":{"x":146.0310516357422,"y":21.302494049072267,"z":186.06651306152345},"rotation":{"x":0.17778529226779939,"y":-0.36039742827415469,"z":0.07016577571630478,"w":0.9130309820175171},"size":13.865684509277344,"orthographic":false}